{
  "week_range": "Feb 15–22, 2026",
  "updated_at": "2026-02-15T18:00:00Z",

  "rules_locked": {
    "data_scope": "JSON is strictly forward-looking.",
    "weekly_highlights": "Current week only (Sun–Sun).",
    "venue_regulars": "Locked unless explicitly changed.",
    "venue_specials": "All future-dated events retained.",
    "sports": "All sports schedules are future-only."
  },

  "weekly_highlights": [
    "Feb 19–20 — Ticolini Circus @ Heart of Oklahoma Expo Center (Shawnee)",
    "Feb 20 — Thunder vs Brooklyn Nets @ Paycom Center",
    "Feb 21 — J’Some Aldean @ The Historic Ritz (Shawnee)",
    "Feb 22 — Thunder vs Cleveland Cavaliers @ Paycom Center"
  ],

  "metro_sports": [
    "Feb 20 — Thunder vs Brooklyn Nets @ Paycom Center",
    "Feb 22 — Thunder vs Cleveland Cavaliers @ Paycom Center",
    "OU Men’s Basketball — select games listed in Sports Schedules",
    "OU Women’s Basketball — select games listed in Sports Schedules"
  ],

  "local_updates": [
    "This week’s calendar includes arena events in OKC plus multiple Shawnee weekend listings (concerts, expo events, and venue nights).",
    "Norman and OKC venues continue to post weekend flyers later in the week; keep an eye on last-minute band announcements."
  ],

  "local_fun_special": [
    "Feb 19–20 — Ticolini Circus @ Heart of Oklahoma Expo Center (Shawnee)",
    "Feb 19 — Poetry Reading @ The Lunch Box (Shawnee)",
    "Feb 19–22 — Outside Mullinger LIVE Theatre (Shawnee)",
    "Feb 20 — Thunder vs Brooklyn Nets @ Paycom Center",
    "Feb 20 — DJ TA @ Brickhouse Saloon (Shawnee, 21+)",
    "Feb 20 — Brad Gaylord LIVE @ Blawk Hawk Casino (Shawnee)",
    "Feb 21 — J’Some Aldean @ The Historic Ritz (Shawnee)",
    "Feb 21 — College Night @ Brickhouse Saloon (Shawnee, 21+)",
    "Feb 21 — Oaktown & Fast Molly @ Brickhouse Saloon (Shawnee, 21+)",
    "Feb 22 — Thunder vs Cleveland Cavaliers @ Paycom Center"
  ],

  "sports_schedules": {
    "OKC Thunder 2025–26": [
      "Feb 20 — vs Brooklyn Nets @ Paycom Center",
      "Feb 22 — vs Cleveland Cavaliers @ Paycom Center",
      "Feb 24 — at Toronto Raptors",
      "Feb 25 — at Detroit Pistons",
      "Feb 27 — vs Denver Nuggets @ Paycom Center",
      "Mar 1 — at Dallas Mavericks",
      "Mar 3 — at Chicago Bulls",
      "Mar 4 — at New York Knicks",
      "Mar 7 — vs Golden State Warriors @ Paycom Center",
      "Mar 9 — vs Denver Nuggets @ Paycom Center",
      "Mar 12 — vs Boston Celtics @ Paycom Center",
      "Mar 15 — vs Minnesota Timberwolves @ Paycom Center",
      "Mar 17 — at Orlando Magic",
      "Mar 18 — at Brooklyn Nets",
      "Mar 21 — at Washington Wizards",
      "Mar 23 — at Philadelphia 76ers",
      "Mar 25 — at Boston Celtics",
      "Mar 27 — vs Chicago Bulls @ Paycom Center",
      "Mar 29 — vs New York Knicks @ Paycom Center",
      "Mar 30 — vs Detroit Pistons @ Paycom Center",
      "Apr 2 — vs L.A. Lakers @ Paycom Center",
      "Apr 5 — vs Utah Jazz @ Paycom Center",
      "Apr 7 — at L.A. Lakers",
      "Apr 8 — at L.A. Clippers",
      "Apr 10 — at Denver Nuggets",
      "Apr 12 — vs Phoenix Suns @ Paycom Center"
    ],

    "OU Men's Basketball 2025–26": [
      "Feb 18 — vs Texas @ Lloyd Noble Center",
      "Feb 22 — vs Baylor @ Lloyd Noble Center",
      "Feb 25 — at Kansas",
      "Mar 1 — vs Oklahoma State @ Lloyd Noble Center"
    ],

    "OU Women's Basketball 2025–26": [
      "Feb 19 — vs TCU @ Lloyd Noble Center",
      "Feb 23 — at Texas Tech",
      "Feb 27 — vs Kansas State @ Lloyd Noble Center"
    ],

    "OU Baseball 2026": [
      "Feb 21–23 — vs Illinois State @ L. Dale Mitchell Park",
      "Feb 28–Mar 2 — vs Cal State Fullerton @ L. Dale Mitchell Park"
    ],

    "OU Softball 2026": [
      "Feb 21–23 — OU Invitational @ Love’s Field (Home)",
      "Feb 28–Mar 2 — vs Tulsa @ Love’s Field (Home)"
    ]
  },

  "venues": {
    "PAYCOM CENTER": {
      "regular": [
        "Sporting events & major arena shows"
      ],
      "special": [
        "Feb 20 — Thunder vs Brooklyn Nets",
        "Feb 22 — Thunder vs Cleveland Cavaliers"
      ]
    },

    "THE HISTORIC RITZ (SHAWNEE)": {
      "regular": [
        "Live concerts & touring acts (Shawnee)"
      ],
      "special": [
        "Feb 21 — J’Some Aldean",
        "Mar 6 — Jason McPhail LIVE",
        "Mar 7 — The Shawp LIVE"
      ]
    },

    "BRICKHOUSE SALOON (SHAWNEE)": {
      "regular": [
        "Thursdays — BINGO (21+)"
      ],
      "special": [
        "Feb 20 — DJ TA",
        "Feb 21 — College Night @ Brickhouse",
        "Feb 21 — Oaktown & Fast Molly",
        "Feb 28 — DJ Marky",
        "Mar 6 — DJ Navi",
        "Mar 7 — College Night @ Brickhouse"
      ]
    },

    "HEART OF OKLAHOMA EXPO CENTER (SHAWNEE)": {
      "regular": [
        "Expo center events (check calendar)"
      ],
      "special": [
        "Feb 19–20 — Ticolini Circus (7:00 PM)"
      ]
    },

    "BLAWK HAWK CASINO (SHAWNEE)": {
      "regular": [
        "Casino entertainment nights (check weekly posts)"
      ],
      "special": [
        "Feb 20 — Brad Gaylord LIVE"
      ]
    },

    "THE LUNCH BOX (SHAWNEE)": {
      "regular": [
        "Community events and readings (check weekly posts)"
      ],
      "special": [
        "Feb 19 — Poetry Reading"
      ]
    },

    "OUTSIDE MULLINGER LIVE THEATRE (SHAWNEE)": {
      "regular": [
        "Live theatre programming (check schedule)"
      ],
      "special": [
        "Feb 19–22 — Outside Mullinger LIVE Theatre"
      ]
    },

    "MGMOA — MABEE GERRER MUSEUM OF ART (SHAWNEE)": {
      "regular": [
        "Museum exhibits + workshops (family-friendly)"
      ],
      "special": [
        "Mar 6 — SWANshops: Altered Books (Workshop)"
      ]
    },

    "STAR SKATE (SHAWNEE)": {
      "regular": [
        "Skate nights + family/event programming (check weekly posts)"
      ],
      "special": [
        "Feb 16 — President’s Day Pizza Party"
      ]
    },

    "OUTLAW MOTOR SPORTS (SHAWNEE)": {
      "regular": [
        "Indoor kart racing (check event calendar)"
      ],
      "special": []
    },

    "GRAND CASINO RESORT (SHAWNEE)": {
      "regular": [
        "Live music & casino events (Shawnee)"
      ],
      "special": []
    },

    "RIVERWIND CASINO": {
      "regular": [
        "Casino open 24/7",
        "Concerts & comedy tours"
      ],
      "special": [
        "Feb 20 — Dylan Gossett — The Westward Tour",
        "Feb 28 — Christopher Cross",
        "Mar 13 — Chicago LIVE",
        "Mar 21 — Randy Houser LIVE",
        "Mar 27 — Nate Smith"
      ]
    },

    "NEWCASTLE CASINO": {
      "regular": [
        "Casino entertainment and weekend programming (check listings)"
      ],
      "special": []
    },

    "COWBOYS OKC": {
      "regular": [
        "Line dancing & nightlife"
      ],
      "special": []
    },

    "MOONEY'S PUB": {
      "regular": [
        "Live music nights (when posted)"
      ],
      "special": []
    },

    "ROADHOUSE BAR & GRILL": {
      "regular": [
        "Weekend specials and live music (when posted)"
      ],
      "special": []
    },

    "OKIE TONK": {
      "regular": [
        "Mon: Poker at 7 PM + Comedy Show at 10 PM",
        "Tue: Local Musician Showcase at 7 PM",
        "Wed: Acoustic Night",
        "Thu: Karaoke",
        "Fri: Live Country Music",
        "Sat: 90’s Country",
        "Sun: Blues Open Jam"
      ],
      "special": []
    },

    "FRIENDS OF FRIENDS": {
      "regular": [
        "Thu–Sat: Live bands",
        "Kitchen open nightly"
      ],
      "special": []
    },

    "THE ALLEY": {
      "regular": [
        "Live music Saturdays",
        "Open daily until 2 AM"
      ],
      "special": []
    },

    "40 WEST": {
      "regular": [
        "Mon: Pool Tournament",
        "Tue–Fri: Karaoke",
        "Sun: Open Mic + Poker"
      ],
      "special": []
    },

    "THE MILL BAR": {
      "regular": [
        "Daily drink specials",
        "Sports watch parties"
      ],
      "special": []
    },

    "TOBY KEITH'S I LOVE THIS BAR (BRICKTOWN)": {
      "regular": [
        "Bricktown live music schedule (check weekly posts)"
      ],
      "special": [
        "Feb 20 — The Lads 6–8 PM",
        "Feb 21 — Kylie Morgan 6–8 PM",
        "Feb 27 — Jukebox Hero 6–8 PM",
        "Feb 28 — Brandon Callison 6–8 PM",
        "Mar 6 — Memphis and Misery 6–8 PM",
        "Mar 7 — Jared Lewis 6–8 PM",
        "Mar 13 — Nashville’s Barflys 6–8 PM",
        "Mar 14 — After Hours 6–8 PM"
      ]
    },

    "CLUB KENO (OKC)": {
      "regular": [
        "Mondays — Singo & Sangria @ 7:30 PM",
        "8040 SW 3rd St, Oklahoma City, OK"
      ],
      "special": []
    },

    "OKIE STATE ROOM (HARRAH)": {
      "regular": [
        "Live music nights (when posted)"
      ],
      "special": [
        "Mar 12 — Pretty Tied Up (All-Star Guns N’ Roses Tribute) w/ special guests PERMACRUSH"
      ]
    },

    "SWEET TOOTH (OKC)": {
      "regular": [
        "210 E Sheridan Ave, Oklahoma City, OK"
      ],
      "special": []
    },

    "PRETTY PLEASE SOCIAL": {
      "regular": [
        "Nightclub/event vibe (monitor weekly flyers)"
      ],
      "special": []
    },

    "THE CRITERION (OKC)": {
      "regular": [
        "Major touring shows (OKC)"
      ],
      "special": [
        "Apr 25 — Electric Orchestra"
      ]
    },

    "PBR TEAMS (PAYCOM CENTER)": {
      "regular": [
        "PBR events (seasonal)"
      ],
      "special": [
        "Jul 31–Aug 2 — PBR Teams: Oklahoma Wildcatters Days @ Paycom Center (promo code: LOVE)"
      ]
    }
  }
}