{
  "week_range": "Oct 5 – Oct 12, 2025",
  "updated_at": "2025-10-07T22:00:00Z",
  "rules_locked": {
    "highlights_scope": "weekly_highlights shows ONLY events in the current week (Mon–Sun). Max 4.",
    "venue_regulars": "Do not change unless explicitly requested.",
    "venue_specials": "Future-dated only; keep ~60 days forward; auto-drop past items.",
    "sports": "Full season schedules live in sports_schedules; Metro Sports slide shows this week’s OU/OSU/Thunder only.",
    "fairs": "Only active/coming fairs; expired fairs removed; Oklahoma State Fair retained.",
    "goldfish_paragraph": "Persist in GOLDFISH SWIM SCHOOL (MOORE) → regular."
  },
  "weekly_highlights": [
    "Oct 9 — OKANAfest @ OKANA Resort & Indoor Waterpark",
    "Oct 10 — KALO (Outdoor Stage) @ The Alley",
    "Oct 11 — OU vs Texas (Dallas)",
    "Oct 11 — OU/Texas Game Day Fish Fry + The Flip Side (Live Music) @ The Alley"
  ],
  "metro_sports": [
    "Oct 11 — OU vs Texas (Dallas)",
    "Oct 11 — OSU vs Houston"
  ],
  "local_updates": [
    "OKANA Resort grand opening weekend with OKANAfest (live music, cultural events, fireworks).",
    "Frontier City Fright Fest & Boo Fest running weekends through October.",
    "Royal Bavaria Biergarten Oktoberfest weekends: live music, German buffet, and seasonal beers."
  ],
  "local_fun_special": [
    "Oct 4–26 — Haunt the Zoo (OKC Zoo, weekends 9 AM–4 PM, trick-or-treating, wildlife encounters)",
    "Fall 2025 — Orr Family Farm Fall Festival (Pumpkin patch, rides, treats, tickets at orrfamilyfarm.com)",
    "Oct 9–12 — OKANAfest @ OKANA Resort & Indoor Waterpark (Native arts, music, food, fireworks on Oct 12)",
    "Oct 16 — Turning Point USA Event @ OU (Norman, free, 6:30 PM, registration required)",
    "Oct 25 — Haunting on Howard St. @ Moore Central Park (Free family haunted event, 4–7 PM)",
    "Oct 31 — Friends of Friends Halloween Bash ft. The Stars (Live) + Boos & Booze Bash (costumes, spooky cocktails)",
    "Oct 31 — Brickhouse Halloween Party ft. Jeremy Fullbright + DJ Pleas OKC (Costume contests: $100 Scariest, $100 Sexiest, $250 Best Overall)",
    "Nov 8 — Chris Tomlin (First Southern Baptist Church, OKC)",
    "Nov 22 — Collective Soul @ Riverwind Casino",
    "Feb 11 2026 — TobyMac Hits Deep Tour w/ Crowder + Jeremy Camp @ Paycom Center",
    "Jan 16 2026 — Jerry Seinfeld @ Civic Center Music Hall",
    "Jan 29 2026 — Jeff Dunham @ Paycom Center"
  ],
  "sports_schedules": {
    "OU Football 2025": [
      "Oct 11 — vs Texas (Dallas)",
      "Oct 18 — at South Carolina",
      "Oct 25 — vs Ole Miss",
      "Nov 1 — at Tennessee",
      "Nov 15 — at Alabama",
      "Nov 22 — vs Missouri",
      "Nov 28 — vs LSU"
    ],
    "OSU Football 2025": [
      "Oct 11 — vs Houston",
      "Oct 18 — vs Cincinnati",
      "Oct 25 — at Texas Tech",
      "Nov 1 — at Kansas",
      "Nov 15 — vs Kansas State",
      "Nov 22 — at UCF",
      "Nov 29 — vs Iowa State"
    ],
    "OKC Thunder 2025–26": [
      "Oct 21 — vs Houston",
      "Oct 23 — at Indiana",
      "Oct 25 — at Atlanta",
      "Oct 27 — at Dallas",
      "Oct 28 — vs Sacramento",
      "Oct 30 — vs Washington",
      "Nov 2 — vs New Orleans",
      "Nov 4 — vs L.A. Clippers",
      "Nov 5 — at Portland",
      "Nov 7 — at Sacramento",
      "Nov 9 — vs Memphis",
      "Nov 11 — vs Golden State",
      "Nov 12 — vs L.A. Lakers",
      "Nov 15 — at Charlotte",
      "Nov 17 — at New Orleans",
      "Nov 19 — at Sacramento",
      "Nov 21 — at Utah",
      "Nov 23 — at Portland",
      "Nov 26 — vs Minnesota",
      "Nov 28 — vs Phoenix",
      "Nov 30 — at Portland",
      "Dec 2 — at Golden State",
      "Dec 5 — vs Dallas",
      "Dec 7 — at Utah",
      "Dec 11 — (NBA Cup window)",
      "Dec 14 — (NBA Cup window)",
      "Dec 15 — (NBA Cup window)",
      "Dec 17 — vs L.A. Clippers",
      "Dec 19 — vs Minnesota",
      "Dec 22 — at Memphis",
      "Dec 25 — at San Antonio",
      "Dec 28 — vs Philadelphia",
      "Dec 29 — vs Atlanta",
      "Dec 31 — at Portland",
      "Jan 2 — at Golden State",
      "Jan 4 — at Phoenix",
      "Jan 7 — at Charlotte",
      "Jan 11 — vs Miami",
      "Jan 13 — vs San Antonio",
      "Jan 15 — at Houston",
      "Jan 17 — at Miami",
      "Jan 19 — at Cleveland",
      "Jan 21 — at Milwaukee",
      "Jan 23 — vs Indiana",
      "Jan 25 — vs Toronto",
      "Jan 27 — vs New Orleans",
      "Jan 29 — at Minnesota",
      "Feb 1 — at Denver",
      "Feb 3 — at Orlando",
      "Feb 4 — at San Antonio",
      "Feb 7 — at Houston",
      "Feb 9 — at L.A. Lakers",
      "Feb 12 — vs Milwaukee",
      "Feb 21 — vs Brooklyn",
      "Feb 24 — vs Cleveland",
      "Feb 26 — at Toronto",
      "Feb 27 — vs Denver",
      "Mar 1 — at Dallas",
      "Mar 3 — at Chicago",
      "Mar 4 — at New York",
      "Mar 7 — vs Golden State",
      "Mar 9 — vs Denver",
      "Mar 12 — vs Boston",
      "Mar 15 — vs Minnesota",
      "Mar 17 — at Orlando",
      "Mar 18 — at Brooklyn",
      "Mar 21 — at Washington",
      "Mar 23 — at Philadelphia",
      "Mar 25 — at Boston",
      "Mar 27 — vs Chicago",
      "Mar 29 — vs New York",
      "Mar 30 — vs Detroit",
      "Apr 2 — vs L.A. Lakers",
      "Apr 5 — vs Utah",
      "Apr 7 — at L.A. Lakers",
      "Apr 8 — at L.A. Clippers",
      "Apr 10 — at Denver",
      "Apr 12 — vs Phoenix"
    ]
  },
  "venues": {
    "OKIE STATE ROOM": {
      "regular": ["Live music on weekends", "Select ticketed shows; limited seating"],
      "special": [
        "Oct 12 — Red Dirt Revival",
        "Oct 18 — Sean Stemaly",
        "Oct 25 — Halloween Bash ft. Jason Young Band",
        "Nov 8 — Rock Night",
        "Nov 15 — Josh Meloy Live",
        "Dec 6 — Holiday Showcase ft. Tanner Ursrey"
      ]
    },
    "FRIENDS OF FRIENDS": {
      "regular": ["Thu: Live bands", "Fri & Sat: Local bands", "Signature cocktails nightly"],
      "special": [
        "Oct 9 — The Stars",
        "Oct 10 — Haloed",
        "Oct 11 — Superfreak Encore",
        "Oct 31 — Halloween Bash ft. The Stars (Live)",
        "Oct 31 — Boos & Booze Bash (costumes, Eventbrite RSVP)"
      ]
    },
    "THE ALLEY": {
      "regular": ["Live music every Saturday", "Seasonal outdoor concerts", "Open daily until 2 AM"],
      "special": [
        "Oct 10 — KALO (Outdoor Stage)",
        "Oct 11 — OU/Texas Fish Fry + The Flip Side (Live Music)",
        "Oct 18 — Travis Bond & The Rebel Souls",
        "Nov 1 — Southern Company (Live Music)"
      ]
    },
    "THE MILL": {
      "regular": [
        "Sun: Shuffleboard Tournament @ 3 PM",
        "Mon: $5 Liquor After 8 PM + Late Night Happy Hour",
        "Tue & Thu: $4/$5 Shot Specials",
        "Wed: Whiskey Wednesday + Free Pool",
        "Fri: $15 Bucket Specials",
        "Sat: Pitcher Deals — $20 Local, $14 Domestic"
      ],
      "special": []
    },
    "OKIE TONK": {
      "regular": [
        "Tue: Poker Night @ 7 PM",
        "Wed: Trivia + Karaoke",
        "Thu: Singo Bingo",
        "Fri: Live Bands",
        "Sat & Sun: Karaoke"
      ],
      "special": ["Oct 11 — Dirt Rich", "Oct 18 — Southern Highway"]
    },
    "MOONEY'S PUB": {
      "regular": ["Tue: Acoustic Tuesday", "Fri & Sat: Live Bands @ 9 PM", "Sun: Open Jam @ 5 PM"],
      "special": ["Oct 10 — Whiskey River Band", "Oct 11 — The Bottom Line"]
    },
    "KATS TAVERN": {
      "regular": [
        "Mon: $2 Domestics",
        "Tue: Singo Bingo @ 7:30 PM",
        "Wed–Fri: Karaoke @ 9 PM",
        "Sat: DJ Dance Night",
        "Sun: Service Industry Night"
      ],
      "special": []
    },
    "BRICKHOUSE SALOON": {
      "regular": ["Mon–Tue: Karaoke @ 9 PM", "Weekend DJs & Theme Nights"],
      "special": [
        "Oct 11 — Good Vibes Saturday ft. DJ Stylez",
        "Oct 18 — DJ Navi + Ladies Night",
        "Oct 31 — Halloween Party ft. Jeremy Fullbright + DJ Pleas OKC (Costume Contest)"
      ]
    },
    "HORSESHOE BAR": {
      "regular": ["Fri & Sat: Live Music", "Sun: Open Mic Night"],
      "special": []
    },
    "40 WEST": {
      "regular": [
        "Mon: Game Night",
        "Tue: Karaoke Night",
        "Wed: Open Mic Night",
        "Thu: Ladies Night + Drink Specials",
        "Fri: Live Band Night",
        "Sat: Dance & DJ Party",
        "Sun: Acoustic Evening"
      ],
      "special": ["Oct 11 — The Vice Presidents (Live)", "Oct 18 — Shiloh Steel"]
    },
    "COWBOYS OKC": {
      "regular": [
        "Thu: Ladies Night",
        "Fri: Line Dance Lessons @ 9 PM + Half-Price Drinks til 10",
        "Sat: Bull Riding + Line Dance Lessons"
      ],
      "special": []
    },
    "RIVERWIND CASINO": {
      "regular": ["Concert venue & casino open 24/7"],
      "special": [
        "Oct 17 — Collective Soul",
        "Nov 22 — Clint Black",
        "Dec 6 — Sara Evans Christmas Tour"
      ]
    },
    "LUCKY STAR CASINO": {
      "regular": ["Gaming, slots, live music select weekends"],
      "special": [
        "Oct 25 — Everclear (Live in El Reno)",
        "Nov 15 — REO Speedwagon"
      ]
    },
    "ZOO AMPHITHEATRE": {
      "regular": ["Outdoor concert venue"],
      "special": ["Oct 11 — Empire of the Sun", "Oct 25 — Brantley Gilbert"]
    },
    "ROYAL BAVARIA BIERGARTEN": {
      "regular": [
        "Open daily @ 5 PM",
        "Full dinner & lounge service",
        "Live music Fri & Sat",
        "Thu: All-You-Can-Eat German Buffet (5–9 PM)"
      ],
      "special": ["Octoberfest Season Celebration every weekend"]
    },
    "GOLDFISH SWIM SCHOOL (MOORE)": {
      "regular": [
        "ğŸ  Weekly 30-min swim lessons for kids",
        "💭 Confidence & water safety through play",
        "ğŸ¨ October Theme â€” Spooky Splash Adventure (costumes & decor all month)"
      ],
      "special": []
    },
    "51ST STREET SPEAKEASY": {
      "regular": ["Live local music and theme nights", "Neighborhood retro bar vibe"],
      "special": ["Oct 11 — 90s Halloween Party", "Oct 25 — Live DJ Spooky Beats"]
    },
    "CAMPUS CORNER": {
      "regular": [
        "Crimson Friday Concerts on home weekends",
        "Game-day tailgate parties (VIP sections available)"
      ],
      "special": [
        "Oct 11 — Morning Kickoff ft. Ryan Hunter Band",
        "Oct 25 — Trey Gonzales",
        "Nov 21 — BLY",
        "Nov 22 — Morning Kickoff (No Lineup Posted)",
        "Nov 28 — Bad/Genes Band",
        "Nov 29 — TBD Band"
      ]
    },
    "MARGARITA ISLAND": {
      "regular": [
        "Tue: Taco Tuesday",
        "Fri: Bike Night",
        "Weekly karaoke & DJ sets",
        "Margarita specials all week"
      ],
      "special": ["Oct 19 — Latin Night Dance Party"]
    },
    "REDNECK DANCEHALL (OKC)": {
      "regular": ["Wed: Ladies Night", "Fri: College Night", "Sat: Bikini Top Night"],
      "special": []
    },
    "PAYCOM CENTER": {
      "regular": ["NBA & concert arena in Downtown OKC"],
      "special": ["Oct 11–12 — Hot Wheels Monster Trucks"]
    }
  }
}
